filename,text
iam_line_000000.png,"a smoothing plane , otherwise the marks left by the cutters"
iam_line_000001.png,scorned these more simple country folk .
iam_line_000002.png,"sympathy - "" you need someone to love you while"
iam_line_000003.png,""" You see , "" she propounded to Rupert after her last patient"
iam_line_000004.png,"whose husband made her clean his uniform , wins"
iam_line_000005.png,had been murder .
iam_line_000006.png,And such is Hal's faith that he brings him to
iam_line_000007.png,is at odds with the Service chiefs over
iam_line_000008.png,"God grant , however , that I may be a false prophet & that"
iam_line_000009.png,But he has not one word of English . ' While he was
iam_line_000010.png,and the great advantages to be derived from
iam_line_000011.png,everything to his need of inspiration . Henze
iam_line_000012.png,And he indicated that his Government
iam_line_000013.png,to have come mainly from retired officers
iam_line_000014.png,rested on a wad of stiff white paper printed on one
iam_line_000015.png,"persevering , ' but he appears to despair"
iam_line_000016.png,"infatuation ! Personally I am indifferent , but I really"
iam_line_000017.png,"But both purse and ticket , and the packages , were gone when the body"
iam_line_000018.png,Mr. Khrushchov said he hoped his weekend
iam_line_000019.png,"doctor who had studied under its founder , the aged"
iam_line_000020.png,an Italian who is perhaps the best Valet de Chambre
iam_line_000021.png,"ruling , be interned and dispatched to the"
iam_line_000022.png,"background , which bring the film so vividly to life ."
iam_line_000023.png,"atmosphere as a crime against humanity . """
iam_line_000024.png,alliances like Nato and seeks friendship
iam_line_000025.png,Such a policy would unite the whole movement
iam_line_000026.png,today . PRESIDENT KENNEDY today defended
iam_line_000027.png,case into hiding between the do-it-yourself cupboard
iam_line_000028.png,conventional remedies to which he had been subjected
iam_line_000029.png,cooperate with me in studying praying
iam_line_000030.png,"establishment , it is a disagreeable chore"
iam_line_000031.png,recognised their rights and recommended a form of
iam_line_000032.png,"what a busy town . At Rome , every other man"
iam_line_000033.png,compares the prices paid by different types of household
iam_line_000034.png,blown up . He has now revealed his full plans
iam_line_000035.png,Republic later in the year . But if a final
iam_line_000036.png,Francis Burdett described to Anglesey a year or two
iam_line_000037.png,German film . Most charming was his tongue-in-cheek
iam_line_000038.png,before the father-in-law telephoned the police .
iam_line_000039.png,"expectant mother , who acts as a protector and"
iam_line_000040.png,themselves seventeen years before had had the
iam_line_000041.png,end ? The last scene of this fragment
iam_line_000042.png,end reveals when the required amount
iam_line_000043.png,would provide an ambulance service for the absolutely
iam_line_000044.png,"disguised another motive , and a thorough check"
iam_line_000045.png,"Williams ( Cons. , Sunderland ) called out"
iam_line_000046.png,couples ( probably because of the
iam_line_000047.png,who is white .
iam_line_000048.png,"has been removed , and if care is taken"
iam_line_000049.png,Germany was breaking the agreement to stop
iam_line_000050.png,of our European Free Trade Association partners
iam_line_000051.png,prefer spruce when available . As will be seen
iam_line_000052.png,pest control by biological means . Both native and
iam_line_000053.png,someone to love you while you are looking for
iam_line_000054.png,has not one word of English . ' While he was writing this letter he
iam_line_000055.png,She thrust out her hand - and felt
iam_line_000056.png,had found messages sent from the Government were
iam_line_000057.png,Fanny her first lover is a sailor who leaves
iam_line_000058.png,a breach of the peace . The committee's
iam_line_000059.png,While he was in Naples there had opened a new chapter in
iam_line_000060.png,obtained support a rationale for adapting
iam_line_000061.png,"House upon a dissolution , which must be had , will be a"
iam_line_000062.png,derived from this unity of conception and
iam_line_000063.png,"the Commonwealth Relations Office , Sir William"
iam_line_000064.png,"old - . "" Mr. Brown went on : "" We"
iam_line_000065.png,philosopher with a highly developed sense of publicity
iam_line_000066.png,This concept of slavery included Britain .
iam_line_000067.png,crowd and drove back to Vence .
iam_line_000068.png,"Government . Mr. James Callaghan , Labour's Colonial spokesman ,"
iam_line_000069.png,"crochet hooks range in size from number 3/0 ,"
iam_line_000070.png,Accra ?
iam_line_000071.png,"to have one of those carnival affairs , ' he"
iam_line_000072.png,correspond to the sides and bottom of the boat .
iam_line_000073.png,But there is no need to be frightened . The audience
iam_line_000074.png,"marry Miss Worsley , hardly a day will pass"
iam_line_000075.png,discover ultimate units .
iam_line_000076.png,urgent - particularly in unions serving
iam_line_000077.png,as there is a Polaris base in Britain the
iam_line_000078.png,control are everywhere apparent .
iam_line_000079.png,"head-stones in the churchyard , "" sacred to the"
iam_line_000080.png,British people about Polaris submarine
iam_line_000081.png,Macmillan at Chequers .
iam_line_000082.png,"sure you must be tired , ' his mother insisted ."
iam_line_000083.png,left its central character and the world
iam_line_000084.png,"for retirement , their wages paid for the time thus spent . An"
iam_line_000085.png,ambition .
iam_line_000086.png,"The small rocket craft , for destroying big"
iam_line_000087.png,"November , he was ' suffering as usual ' , but hoped , he told"
iam_line_000088.png,Delegates from Mr. Kenneth Kaunda's United
iam_line_000089.png,national income was spent on social services . The
iam_line_000090.png,girl lives in a single dingy room with
iam_line_000091.png,"It was last used a year ago , to deal"
iam_line_000092.png,"There they were , in fact , below us , eight of them ."
iam_line_000093.png,Government's intention :
iam_line_000094.png,"of Sir Roy Welensky , Prime Minister of the"
iam_line_000095.png,that Labour should not take any steps
iam_line_000096.png,worth of jewellery struck me as ingenious . The play
iam_line_000097.png,rally to defend a policy founded on
iam_line_000098.png,first night's sleeping was like a long convalescence .
iam_line_000099.png,thought to combine together to form compound
iam_line_000100.png,"I understand , but an express took him"
iam_line_000101.png,This was too reminiscent of the nursemaid
iam_line_000102.png,Among other incidents he was banned from New
iam_line_000103.png,"an agent , visit half a dozen houses in one"
iam_line_000104.png,written to advise Anglesey to give the system
iam_line_000105.png,February 20 .
iam_line_000106.png,to contemplate in an election year .
iam_line_000107.png,nuclear tests ; the canard about British
iam_line_000108.png,been boycotted by the two main settlers' parties -
iam_line_000109.png,"the Whigs , and the temporary assumption of the govern-"
iam_line_000110.png,the end of a few months an enthusiastic choir of men and women
iam_line_000111.png,was appreciably higher in families with
iam_line_000112.png,strewn canals - even the worn head-stones
iam_line_000113.png,"throughout in terms of the cinema , and again"
iam_line_000114.png,"was ended , audited and agreed by the Inspector . The"
iam_line_000115.png,you see ? '
iam_line_000116.png,"of the people is the supreme law "" ) reports : "" The"
iam_line_000117.png,rose to avoid breaking the blocks with a spout
iam_line_000118.png,"rain and damp , but the temperature is high & I have not"
iam_line_000119.png,were positions lost . It is my view that this
iam_line_000120.png,sphere ; and it is not difficult to see that President
iam_line_000121.png,sparked off the opposition by telling a
iam_line_000122.png,lated into Seven Days ... Seven Nights ...
iam_line_000123.png,"that air of improvisation , as of off-the-cuff"
iam_line_000124.png,"every instant . "" The chilling horror of "" Mala-"
iam_line_000125.png,apparent .
iam_line_000126.png,who was the only other occupant of the house when
iam_line_000127.png,"MR. Macmillan has picked a strong "" brains trust """
iam_line_000128.png,"hopes to be allowed to do some writing . "" Back at"
iam_line_000129.png,& I have not yet thought of a fire ... .
iam_line_000130.png,A glance at the gauge marks at the bottom
iam_line_000131.png,"in our eyes . The sea boiled with waves ,"
iam_line_000132.png,intense realism in the situation . A young
iam_line_000133.png,"A 90-day war , the West German"
iam_line_000134.png,"National Congress ( 400,000 ) will meet in London today"
iam_line_000135.png,"view , truly reflect the opinions of the majority"
iam_line_000136.png,appear still to be firmly in their hands .
iam_line_000137.png,efficient and congenial containers in which
iam_line_000138.png,"a secret report to his chief von Papen , in Berlin ."
iam_line_000139.png,"It was a new briefcase , and as the train jogged along"
iam_line_000140.png,the 88-year-old standard bearer of the Ban-
iam_line_000141.png,flatly rejected attempts by the Eisenhower
iam_line_000142.png,installation of a power tool . As an elementary
iam_line_000143.png,America's balance of payments position . He
iam_line_000144.png,estranged from women but yet moved by a
iam_line_000145.png,"on health spending and started charges , Mr."
iam_line_000146.png,that teenagers earn too much and spend it all
iam_line_000147.png,"events , and Mr. Aubrey Richards , the father-in-"
iam_line_000148.png,"wife , always palely appealing , Mr. James Maxwell ,"
iam_line_000149.png,"the first of these is due in 1963 . Meanwhile , each"
iam_line_000150.png,asked to modulate from their set moods
iam_line_000151.png,""" That 's how I got into all this trouble . """
iam_line_000152.png,For expansion today means still greater
iam_line_000153.png,""" facilities . "" ) By the end of the year there"
iam_line_000154.png,we would be altogether clearer in our minds
iam_line_000155.png,THE Prime Minister disclosed in the Commons
iam_line_000156.png,responsibility rightly belongs to the nations
iam_line_000157.png,"until it dies in the late autumn , the"
iam_line_000158.png,taken part .
iam_line_000159.png,metaphorical braces were visible in the
iam_line_000160.png,the effect on one former supporter that he now thinks this Prime
iam_line_000161.png,"Colonial Secretary , Mr. Iain Macleod ,"
iam_line_000162.png,pay more . He did not mention personal
iam_line_000163.png,working class to sharp new dangers - that
iam_line_000164.png,dockyard last year .
iam_line_000165.png,to their customers - who incidentally
iam_line_000166.png,ever was . But he has not one word of English . '
iam_line_000167.png,"to believe that , because of their odd"
iam_line_000168.png,shown themselves seventeen years before had had the
iam_line_000169.png,full inquiry into the cost of drugs and
iam_line_000170.png,"three of which were in her husband's name ,"
iam_line_000171.png,the frame together with the piece
iam_line_000172.png,Instead Mr. Macmillan will rely on a
iam_line_000173.png,"and , turning his back to her , contrived to slide the brief-"
iam_line_000174.png,"Whigs , and the temporary assumption of the government"
iam_line_000175.png,"1960s , no cure has been found for the 6tic"
iam_line_000176.png,""" you must be living in the nineteenth century . """
iam_line_000177.png,Scot . The Lord Chancellor is a Scot . The Prime Minister is a
iam_line_000178.png,the new German curative method known as
iam_line_000179.png,General Brauchitsch signed a directive
iam_line_000180.png,by his publishers in March of last year ? Still a skeleton . Yet
iam_line_000181.png,offer the Government an easy passage for such
iam_line_000182.png,admitted to the Glyndebourne canon . By no
iam_line_000183.png,"Washington - said : "" Their discussions covered the major problems ,"
iam_line_000184.png,"Most tools have to lead an intensive life , and faults"
iam_line_000185.png,Mauro's first action was to write to his revered master
iam_line_000186.png,Britain could not be a party to an imposed
iam_line_000187.png,is paid monthly in arrears and will not get
iam_line_000188.png,""" unsatisfactory . "" African delegates to the talks yesterday"
iam_line_000189.png,"and Kings , Prince Edward Island ."
iam_line_000190.png,captain of the junior hockey team at
iam_line_000191.png,"Comprehensive legislation is obviously preferable . They should not ,"
iam_line_000192.png,"Stated more bluntly , they are still unconvinced that"
iam_line_000193.png,"of the misuse of chemicals in agriculture ,"
iam_line_000194.png,he described his distinguished patient and his symptoms .
iam_line_000195.png,with the political and military leadership
iam_line_000196.png,"week last year and 37,000,000 up on"
iam_line_000197.png,"sent him by post on June 22 , only two or"
iam_line_000198.png,of defence policy . Details of the scheme
iam_line_000199.png,to generate a melodramatic inevitability
iam_line_000200.png,While he was in Naples there had opened a new chapter
iam_line_000201.png,factory building this year is likely to be 40 per cent
iam_line_000202.png,"a dissolution , which must be had , will be a"
iam_line_000203.png,"at Ko""then , near Leipzig , asking for advice . In doing"
iam_line_000204.png,Some of the problems were reviewed yesterday at a
iam_line_000205.png,same as that of the Tory Government .
iam_line_000206.png,and that he himself was being treated under a doctor
iam_line_000207.png,than a handful of new apprenticeships
iam_line_000208.png,said ? A moment's reflection reassured her
iam_line_000209.png,There are many types of plastic pots available ;
iam_line_000210.png,"outwardly unemotional , replied with a"
iam_line_000211.png,BUDGETTE or no Budgette YOU are
iam_line_000212.png,deep friendship which I have taken with me through
iam_line_000213.png,"chias "" is due as much to Wicki the photo-"
iam_line_000214.png,any increase in budgetary commitments
iam_line_000215.png,openly intimidating members of Earl Russell's nuclear-
iam_line_000216.png,are denied it . One area electricity board in 1958
iam_line_000217.png,rose to say that the Chancellor would bear
iam_line_000218.png,provide men of knowledge and skill .
iam_line_000219.png,all-time peak .
iam_line_000220.png,To Germany's Western allies the campaign has been a
iam_line_000221.png,on to a fully active footing . That
iam_line_000222.png,"a real treasure , of yeoman stock and clever in all domestic"
iam_line_000223.png,"one in Leeds , Ontario , and the other two in the"
iam_line_000224.png,"He feels satisfaction "" from the fact that my personality had been"
iam_line_000225.png,"will mean a rise in the cost of living . """
iam_line_000226.png,"Seventh Avenue , The Pigsty , always open ."
iam_line_000227.png,real menace to the British people both in
iam_line_000228.png,"Washington gossip "" that Weaver once had"
iam_line_000229.png,"tablecloths , traycloths and runners , and edgings"
iam_line_000230.png,provisions of Schedule D taxation which not only allowed her
iam_line_000231.png,"first . I won't stand for it . "" Exit a puzzled American ."
iam_line_000232.png,With the Prime Minister sunning himself in Jamaica
iam_line_000233.png,bear his child and sails away .
iam_line_000234.png,on the not unfamiliar theme of the destructive
iam_line_000235.png,"service , free to the patient at the point"
iam_line_000236.png,tiptoed into the baby's room to see that
iam_line_000237.png,of the numerous conventional remedies to which he
iam_line_000238.png,or already in retirement but also a strong
iam_line_000239.png,at Lancaster House despite the crisis
iam_line_000240.png,"has been against me , as there has been much rain and"
iam_line_000241.png,"I have before me now a 12,000-word manuscript of"
iam_line_000242.png,understand free trade . That is why they fight
iam_line_000243.png,discussed a sit-down at Watford at 5.30 p.m. - none
iam_line_000244.png,piece for each stitch that you learn . When
iam_line_000245.png,"island . Father Malachias goes to the island ,"
iam_line_000246.png,"the stairs and , snatching the case , ran back"
iam_line_000247.png,"by Comrades Krobo Edusei , Tawia Adamafio , "" and"
iam_line_000248.png,"winter . In late November , he was ' suffering as"
iam_line_000249.png,"than a human being ' , had an increasing number of disciples among"
iam_line_000250.png,"mass of Radicalism , & then God knows what may happen ... ."
iam_line_000251.png,He said bluntly in Washington yester-
iam_line_000252.png,Informal talks at Lancaster House will resume
iam_line_000253.png,"compartment when the train left , but this did not help much , since it"
iam_line_000254.png,pellets were easily removed and the
iam_line_000255.png,peace policy .
iam_line_000256.png,""" Mr. Powell finds it easier to take it out of mothers ,"
iam_line_000257.png,"return of Ultratoryism , that the"
iam_line_000258.png,"this Conference , held in October , 1957 ,"
iam_line_000259.png,"Italy , and that he himself was being treated under a"
iam_line_000260.png,"Macleod , is insisting on a policy of change ."
iam_line_000261.png,"THIS group of men , says a report , work on average"
iam_line_000262.png,"under a doctor who had studied under its founder , the aged Dr."
iam_line_000263.png,argued that the position needed examination .
iam_line_000264.png,to angry uproar . One dealt with the human
iam_line_000265.png,"but played with proper efficiency and ,"
iam_line_000266.png,"minals in New York . His goodness , how-"
iam_line_000267.png,"you 'll find that no insurance companies ,"
iam_line_000268.png,help America's balance of payments position
iam_line_000269.png,"Adenauer , the West German Chancellor ."
iam_line_000270.png,What 's all about ? ' he hissed without
iam_line_000271.png,done in 1950 because of the financial strain of
iam_line_000272.png,"play-grounds , the public monuments and"
iam_line_000273.png,no cure has been found for the 6tic douloureux . As
iam_line_000274.png,for the people the board will earn their good will .
iam_line_000275.png,"difficult with self-employed persons , carry two ."
iam_line_000276.png,"to the church , and I was most fortunate in having for eight"
iam_line_000277.png,to play an important part in my life . For five years in succession till
iam_line_000278.png,"than Naples . The journey has been against me , as"
iam_line_000279.png,"saying : "" I am innocent of the blood of this just person . """
iam_line_000280.png,"I was very glad to help in this way , and visited them"
iam_line_000281.png,thought of a fire ... .
iam_line_000282.png,"On the other hand , Mr. Pearson excels"
iam_line_000283.png,and has made it live . The shabby streets
iam_line_000284.png,Men who earn only a fraction of what their
iam_line_000285.png,In Fanny the pregnant girl is befriended
iam_line_000286.png,"for Germans to buy , while the goods which"
iam_line_000287.png,work in 1960 420000 ( 73 per cent )
iam_line_000288.png,when he pleads that he was only a small unit on the base
iam_line_000289.png,eruption of turtle-doves .
iam_line_000290.png,"to the Treasury , said yesterday that the"
iam_line_000291.png,""" good girl "" parts ( Tuesday Weld gets the "" bad girl """
iam_line_000292.png,Mauro's first action was to write to his
iam_line_000293.png,made by shaping and soldering two pieces of stout
iam_line_000294.png,review the United Nations Secretariat ;
iam_line_000295.png,you know how she has a good look round everywhere . ' There was
iam_line_000296.png,create the atmosphere of a city .
iam_line_000297.png,"return of Ultratoryism , that the Commons House"
iam_line_000298.png,Sir Roy is violently opposed to Africans
iam_line_000299.png,Secretary . Suddenly everything changed . Timetables were
iam_line_000300.png,to Rome for the winter . In late
iam_line_000301.png,"it seemed , were necessary to fur-"
iam_line_000302.png,"God grant , however , that I may be a false prophet & that"
iam_line_000303.png,itself . Remember your four names - have the list
iam_line_000304.png,"begins : "" There was a party to celebrate Deirdre's"
iam_line_000305.png,London has been boycotted by the two main
iam_line_000306.png,"hunting for furnished rooms , and had given up , when an"
iam_line_000307.png,DURING MONDAY NIGHT . And officials
iam_line_000308.png,# ' What a frightful event ! ' he wrote . ' I tremble !
iam_line_000309.png,an Employee Relations Officer of
iam_line_000310.png,Ordinary working people will never
iam_line_000311.png,"It went , perhaps , some distance beyond"
iam_line_000312.png,"present Tory Government , which has become a"
iam_line_000313.png,"with proper efficiency and , in the case of Mr."
iam_line_000314.png,Madagascar ) . THE world will sigh with
iam_line_000315.png,how completely it is in sympathy with con-
iam_line_000316.png,the welfare of older people to examine the report and
iam_line_000317.png,A policy which breaks with military
iam_line_000318.png,"What infatuation ! Personally I am indifferent , but I really"
iam_line_000319.png,assurance and is a match for the
iam_line_000320.png,a means not to destruction but to safety .
iam_line_000321.png,ever since the symptoms had first shown themselves
iam_line_000322.png,"Anglesey a strong , energetic man with a gentle and"
iam_line_000323.png,"heard . However , Miss Pinkie Johnstone makes her"
iam_line_000324.png,"machines , the choice of which will"
iam_line_000325.png,# being cured . '
iam_line_000326.png,A Scottish knight - Sir John Mercer - was
iam_line_000327.png,of the plane sole to make the tapered surfaces
iam_line_000328.png,homoeopathy had been brought to his notice .
iam_line_000329.png,He told Cloncurry that he enjoyed it as much as his
iam_line_000330.png,There is no doubt what the Danes understand
iam_line_000331.png,"Incidentally , it is better to"
iam_line_000332.png,going out of action ; Police were visiting
iam_line_000333.png,Jersey family household the nursemaid
iam_line_000334.png,"for him , although some think his position"
iam_line_000335.png,United National Independence Party
iam_line_000336.png,coach . He fumed as he recol-
iam_line_000337.png,Burdett described to Anglesey a year or two later
iam_line_000338.png,church .
iam_line_000339.png,"Nor is this to be wondered at , for even"
iam_line_000340.png,by free trade . It is that they should be free
iam_line_000341.png,is the early payment of a 210million
iam_line_000342.png,from the real problems to fiddling about
iam_line_000343.png,return from Scotland yesterday . He summoned Mr.
iam_line_000344.png,if UNIP did not get its way what would happen
iam_line_000345.png,getting an elected majority in Northern
iam_line_000346.png,that has paralysed the port of Takoradi for the past
iam_line_000347.png,"brother-in-law , the diplomatist Lord"
iam_line_000348.png,"Russ Conway , who has tinkled his way to fame on an old 2pianna ,"
iam_line_000349.png,advocate putting off any approach until
iam_line_000350.png,a report on his talks with Mr. Macmillan
iam_line_000351.png,particularly as the troops are very fine . '
iam_line_000352.png,"brief . He resembles the elephant seal , an"
iam_line_000353.png,"stitches , attractive articles can be made"
iam_line_000354.png,"The sister , able to swim , had returned"
iam_line_000355.png,that instead of taking it out of the
iam_line_000356.png,had an increasing number of disciples among
iam_line_000357.png,"television audience it was "" current"
iam_line_000358.png,"Ponsonby , had written to advise Anglesey to"
iam_line_000359.png,"years of war , when most lives were upset and"
iam_line_000360.png,* enough
iam_line_000361.png,"reported her to the police , and then jumped"
iam_line_000362.png,a permanently water proof glue line . Be sure to
iam_line_000363.png,"today , however , that the Brussels Treaty"
iam_line_000364.png,to which he had been subjected ever since the symp-
iam_line_000365.png,have been made into Tory strength by
iam_line_000366.png,symptoms . He told Hahnemann that he found Anglesey
iam_line_000367.png,"she had an illicit relationship ) , she"
iam_line_000368.png,On the eve of August Bank Holiday
iam_line_000369.png,therefore selected . A detailed age-structure was
iam_line_000370.png,destroy the whole population of Britain in
iam_line_000371.png,"a folklore of song , festival and courtship grew"
iam_line_000372.png,life-insurances or any of the other normal
iam_line_000373.png,"man with a gentle and charming character ,"
iam_line_000374.png,The scheme will be subject to Cabinet
iam_line_000375.png,In doing so he described his distinguished patient
iam_line_000376.png,outside edge . Oversew crochet to button stitch .
iam_line_000377.png,"bore , in large Baskerville type , the words METROPOLITAN"
iam_line_000378.png,Madame N's husband had made an
iam_line_000379.png,rise in taxation - something no one is prepared
iam_line_000380.png,before riveting on the gunwales so that you do not put
iam_line_000381.png,"Nor is this to be wondered at , for even today , in the"
iam_line_000382.png,"Radicalism , & then God knows what"
iam_line_000383.png,accurate . Place crochet in correct position on linen and
iam_line_000384.png,the war . Now in conditions of Tory
iam_line_000385.png,striving to safeguard an enduring peace for
iam_line_000386.png,""" Shame . "" Mr. Williams is a close"
iam_line_000387.png,1tho' I cannot but fear that the exasperation of
iam_line_000388.png,compared with four divisions of
iam_line_000389.png,"of social service expenditure , health had"
iam_line_000390.png,"been seen on any wider basis , President Tito"
iam_line_000391.png,countries can arrange for observers to advise the British
iam_line_000392.png,"chief aide , Mr. Julius Greenfield , telephoned"
iam_line_000393.png,"doubtless continue , for it is the aim of science to"
iam_line_000394.png,Mr. Julius Greenfield . He was at Che-
iam_line_000395.png,The more delicate patterns and finer
iam_line_000396.png,of parents or faithful nurses threaten any
iam_line_000397.png,Commonwealth Relations Secretary for an hour's talks
iam_line_000398.png,and of course with lower tax reliefs and
iam_line_000399.png,planing after fixing to the boat . Use your two
iam_line_000400.png,"edge of the seat , feeding tray , etc ) . Fill the grain with a"
iam_line_000401.png,dark ; and we went on together to
iam_line_000402.png,ment by the Duke of Wellington .
iam_line_000403.png,"Congress ( 400,000 ) will meet in London today"
iam_line_000404.png,coordinate activity on the political and economic
iam_line_000405.png,to let older employees attend day-release courses on preparation
iam_line_000406.png,"guests present , Mr. Kennedy and Mr. Macmillan met three more"
iam_line_000407.png,The solitary learner has to find out
iam_line_000408.png,threat to those who toil and spin has been
iam_line_000409.png,distinguished patient and his symptoms . He
iam_line_000410.png,by speech experts .
iam_line_000411.png,"master at Ko""then , near Leipzig , asking for advice ."
iam_line_000412.png,over vines and peachtrees .
iam_line_000413.png,and restrained power .
iam_line_000414.png,"economic and political kind . Mr. Macmillan ,"
iam_line_000415.png,"troubles , mourning a terrible air crash ,"
iam_line_000416.png,"in the normal way , the only real difference"
iam_line_000417.png,"meeting . But he told M Ps yesterday : "" I"
iam_line_000418.png,the frame with panel pins to complete
iam_line_000419.png,this place agree with me better than
iam_line_000420.png,"Earl Russell , President of the Committee"
iam_line_000421.png,"quietly effective , giving full value to the"
iam_line_000422.png,3 . Work and leisure 4 . Living arrangements
iam_line_000423.png,cities of Europe . One of these was the
iam_line_000424.png,Gaulle this month to smooth the way . General
iam_line_000425.png,"this way : Well , those are my views ."
iam_line_000426.png,""" Werewolves "" that we had contemplated the necessity of very"
iam_line_000427.png,which could launch an atomic attack on
iam_line_000428.png,"is still the diplomatist , more at home"
iam_line_000429.png,"Nevertheless , the tour has been an immense"
iam_line_000430.png,Moscow after his two days of talks with President
iam_line_000431.png,that it was being cultivated with extraordinary
iam_line_000432.png,"expectant mother , who acts as a protector"
iam_line_000433.png,"I was there , in even faster orbit , when that"
iam_line_000434.png,good humour . Ladies and gentlemen ! I 'm afraid
iam_line_000435.png,had written to advise Anglesey to give the
iam_line_000436.png,a book planned to be called Confessions of an Irish
iam_line_000437.png,a nostalgic affection for them .
iam_line_000438.png,The gauge can now be used to nick in the tapers
iam_line_000439.png,who created a scene on this point on
iam_line_000440.png,clear hiccup and falls flat on its back . This
iam_line_000441.png,"ris , was a morality on the not unfamiliar"
iam_line_000442.png,clamour for back stamps if a child
iam_line_000443.png,Prime Minister of the outcome of his recent
iam_line_000444.png,beckoning at the corners of the roads .
iam_line_000445.png,condition .
iam_line_000446.png,and left the chamber . He returned five
iam_line_000447.png,"stage , but the French have one of their"
iam_line_000448.png,time . Confusion of the original issue
iam_line_000449.png,is joined to both transoms and lies in the grooves
iam_line_000450.png,on those least able to bear them . Mr.
iam_line_000451.png,"not heard . However , Miss Pinkie Johnstone"
iam_line_000452.png,not only a director . He began his career
iam_line_000453.png,but we must not - and I am not - be
iam_line_000454.png,supporters in the country .
iam_line_000455.png,talks .
iam_line_000456.png,"infant-in-arms but a new-born babe , a"
iam_line_000457.png,It was the end of a rather curious
iam_line_000458.png,create the atmosphere of a city .
iam_line_000459.png,girl lives in a single dingy room with
iam_line_000460.png,"back to England , and returned to Rome for"
iam_line_000461.png,numerous conventional remedies to which he had been
iam_line_000462.png,"damp , but the temperature is high"
iam_line_000463.png,course of action . Sir Roy is violently
iam_line_000464.png,ONLY a man wrapped in the impenetrable cocoon of what he regards
iam_line_000465.png,"He claimed that , unless we were in the"
iam_line_000466.png,"their book , and there was quite a"
iam_line_000467.png,"still regard him "" as some sort of cross"
iam_line_000468.png,programmes in bright colours . In America colour TV is five years
iam_line_000469.png,Mauro's first action was to write to his revered
iam_line_000470.png,"late November , he was ' suffering as usual ' , but hoped ,"
iam_line_000471.png,I rivet my gunwales together through the side of the hull
iam_line_000472.png,it would also be against the interests of the
iam_line_000473.png,Mr. Bryan Stonehouse's production is quietly
iam_line_000474.png,"House upon a dissolution , which must be had , will be a"
iam_line_000475.png,said that Mr. Kaunda's United National Independence
iam_line_000476.png,enough tacks and he got only the middle hammers done .
iam_line_000477.png,of basting stitches . Work a row of dc all round
iam_line_000478.png,and our local and national Parliaments .
iam_line_000479.png,"with luck , while the latter are often"
iam_line_000480.png,to say that its 400 troops in the Congo
iam_line_000481.png,would unhesitatingly use a machine if it
iam_line_000482.png,the alternatives had been put clearly to the
iam_line_000483.png,Many men with only limited accommodation
iam_line_000484.png,in Naples . He told Cloncurry that he
iam_line_000485.png,"on unilateral disarmament , and to oppose"
iam_line_000486.png,"said shortly . "" Personally I 've no more to say , so I suggest we get"
iam_line_000487.png,"letter he heard of the fall of the Whigs , and the temporary"
iam_line_000488.png,"desert her friends . HAPPY , happy"
iam_line_000489.png,disposed to face . The real question is
iam_line_000490.png,It could be curtain up on two success stories . Of
iam_line_000491.png,people . THE Danes are annoyed with British
iam_line_000492.png,"attack on "" economic charges "" for welfare"
iam_line_000493.png,"fourth year , and opportunity has been taken"
iam_line_000494.png,killer to book in modern times .
iam_line_000495.png,worthwhile targets for the Opposition . What a pity
iam_line_000496.png,with the St. Pancras rent riots . Today
iam_line_000497.png,leaders are not only in favour of American
iam_line_000498.png,"favourable change in my eye , particularly as the troops"
iam_line_000499.png,Directions are given for a small practice
iam_line_000500.png,later as ' more like a God upon earth than
iam_line_000501.png,He decided that it would be a great error
iam_line_000502.png,We gathered together a splendid Sunday
iam_line_000503.png,the unsmiling Mr. Powell . He demanded
iam_line_000504.png,Foot's line will be that as Labour M Ps
iam_line_000505.png,The press and the broadcasting authorities are
iam_line_000506.png,""" We believe that a comprehensive medical"
iam_line_000507.png,"of "" The Grits "" if a federal election had been"
iam_line_000508.png,this in another way as shown in Fig. 4 .
iam_line_000509.png,"is a condition of your employment , '"
iam_line_000510.png,"When the sailing season was past , he sent Pearl"
iam_line_000511.png,paint would soon be scratched off .
iam_line_000512.png,to the policy of the United States .
iam_line_000513.png,They will accompany Mr. Heath next month when
iam_line_000514.png,is that soil blocks can only be used for
iam_line_000515.png,"artists with delightful studies , there is no"
iam_line_000516.png,ture of Julie Newmar for con-
iam_line_000517.png,"this property ... . "" "" But , they 're safe , are they ? I mean ,"
iam_line_000518.png,in an extra two or three evenings . And they never
iam_line_000519.png,provoking American retaliation . Earl Russell
iam_line_000520.png,of the numerous conventional remedies
iam_line_000521.png,It is thought this would be the minimum
iam_line_000522.png,understood . The Sudan's concern for its
iam_line_000523.png,is now on view in a Berlin gallery is most im-
iam_line_000524.png,to the two major conferences of the movement and
iam_line_000525.png,worst aspects of the American cinema . From
iam_line_000526.png,"articulation is limited , we are told , to a"
iam_line_000527.png,Less than no response from the Russian side led
iam_line_000528.png,grotesque ; they were not asked to modulate from
iam_line_000529.png,"In VIENNA , before flying off to Moscow ,"
iam_line_000530.png,Ferris manipulated his characters .
iam_line_000531.png,"can be done , though for advanced"
iam_line_000532.png,"declared yesterday . Events in Vienna "" gave hope"
iam_line_000533.png,through the gormless standing corn around them . Perhaps
iam_line_000534.png,"and in the works only , excluding the offices , was"
iam_line_000535.png,"an old man . Here it is a young homosexual ,"
iam_line_000536.png,"Iain Macleod , Colonial Secretary , and Mr. Duncan Sandys ,"
iam_line_000537.png,"believes : "" It is very questionable whether"
iam_line_000538.png,"appealing , Mr. James Maxwell , the editor , always"
iam_line_000539.png,"1952 ) , the praying mantis is trecking"
iam_line_000540.png,psychology in its search for ultimate units and here
iam_line_000541.png,on Sunday afternoon . I hope the threat
iam_line_000542.png,"This remarkable man of medicine , whom Sir"
iam_line_000543.png,"God grant , however , that I may be a false prophet"
iam_line_000544.png,"African National Congress ( 400,000 ) will"
iam_line_000545.png,a great resource . Vesuvius seems to be tired ; he is going out
iam_line_000546.png,Thousands march with him - and sit with him
iam_line_000547.png,they were not asked to modulate from
iam_line_000548.png,"film so vividly to life . In Fanny , which"
iam_line_000549.png,"panionship and sympathy - "" you need someone"
iam_line_000550.png,I could at once notice the great antagonism
iam_line_000551.png,stressed that there was no intention to intervene
iam_line_000552.png,"point of death , the new German curative"
iam_line_000553.png,his chief a report on his talks with Mr.
iam_line_000554.png,the exasperation of the People will be
iam_line_000555.png,"So long as the Soviet Union had nuclear weapons ,"
iam_line_000556.png,intense realism in the situation . A young
iam_line_000557.png,logical Office .
iam_line_000558.png,"in the Holy Loch , only 30 miles from Glasgow , a"
iam_line_000559.png,""" Werewolves "" ."
iam_line_000560.png,inequity of Miss Cheesecake well-nigh bathing
iam_line_000561.png,and no other seems to have done the
iam_line_000562.png,had refused to attend the talks because Sir Roy
iam_line_000563.png,"The views of the Archbishop , who has"
iam_line_000564.png,crochet stitches .
iam_line_000565.png,I wish I went to that school . Did you notice
iam_line_000566.png,one of the most unreliable methods of getting
iam_line_000567.png,"her slatternly , promiscuous mother . In such"
iam_line_000568.png,In some ways it will be a testing occasion
iam_line_000569.png,Under the Labour Government 18.1 per cent of the
iam_line_000570.png,Government could join the European Economic
iam_line_000571.png,the Polaris base and facilities for German bases
iam_line_000572.png,"streets and wet pavements , the school"
iam_line_000573.png,"She was tempted to laugh , but it was as though that barb still stuck"
iam_line_000574.png,Mr. Evitt had gone .
iam_line_000575.png,Supplies of meat and dairy produce were
iam_line_000576.png,"in front of her , but she said : ' Philip 's awfully lucky ."
iam_line_000577.png,"As a still further development , we follow"
iam_line_000578.png,that freedom last if their policies were adopted ?
iam_line_000579.png,German armed forces ( within Nato
iam_line_000580.png,screws driven from the inside . The footrest is a
iam_line_000581.png,rest near tip of hook .
iam_line_000582.png,"full , hopes are high . There are still a few"
iam_line_000583.png,looked out of the windows at the weeping trees and the
iam_line_000584.png,being taken directly from the work . Fig. 4
iam_line_000585.png,Can we now put forward any reasonably clear
iam_line_000586.png,justified in diverting naval ships in case
iam_line_000587.png,greenhouse . Of the dozen Spanish mantis
iam_line_000588.png,ber of German film directors who have
iam_line_000589.png,"probably gain . "" Many people feel we have had , perhaps , too"
iam_line_000590.png,to National Service in some form
iam_line_000591.png,determination is the intention to impose
iam_line_000592.png,"the diplomatist Lord Ponsonby , had written to advise"
iam_line_000593.png,"that all may go well . Sir R. Peel was here , I under-"
iam_line_000594.png,"ash , spruce or any long grained flexible wood . I"
iam_line_000595.png,the decision to dispense with National
iam_line_000596.png,picks up recipes from # her daughter .
iam_line_000597.png,West Germany were published in Moscow yesterday . They
iam_line_000598.png,According to the script she was once
iam_line_000599.png,"In those early years 1914-18 , life was very full"
iam_line_000600.png,fallen from 28.5 to 23.1 per cent. Then
iam_line_000601.png,Hitler in the thirties . It was Dr. Verwoerd who
iam_line_000602.png,attempting to generate a melodramatic
iam_line_000603.png,"legs , and in reproduction period pieces they"
iam_line_000604.png,which left its central character and the
iam_line_000605.png,"The body was examined , and it was definitely"
iam_line_000606.png,Soon a carnival springs up on the sight of
iam_line_000607.png,"and unconstitutional "" interference by"
iam_line_000608.png,the bottom shaped transom facing .
iam_line_000609.png,whole principle of the State service and
iam_line_000610.png,Here are the plans of a very seaworthy little
iam_line_000611.png,Coventry and barbarously bombed London and other British
iam_line_000612.png,"exacting role , that of the sergeant , gives"
iam_line_000613.png,her hour of need . He shares her room and gives
iam_line_000614.png,"was here , I understand , but an express took"
iam_line_000615.png,""" If you have not dispersed by ten o'clock , "" he"
iam_line_000616.png,Africans .
iam_line_000617.png,"United States' principal Nato ally . """
iam_line_000618.png,"of the story , and the marriage of the central"
iam_line_000619.png,the 1/4 in. ply . Make a very small hole for
iam_line_000620.png,weighs only 60 lb. but can carry three people
iam_line_000621.png,of the village stalwarts of Hambledon who
iam_line_000622.png,holds that it would be a mistake to expel
iam_line_000623.png,Alongside these divisions a force of over 600
iam_line_000624.png,While he was in Naples there had opened a new chapter
iam_line_000625.png,built up neatly . Susan Strasberg is the crippled
iam_line_000626.png,stricter in recalling existing overdrafts . This is underlined in
iam_line_000627.png,House of Lords should be abolished and
iam_line_000628.png,sun-terrace of the Hotel Splendido ( renamed
iam_line_000629.png,are many reasons . Wood is in good and
iam_line_000630.png,Fix on the gunwales and insert the thwarts ( seats )
iam_line_000631.png,There are three kinds of reasons that justify
iam_line_000632.png,"Grantham , Lincs , kindly offered to"
iam_line_000633.png,The possibility that the Government might
iam_line_000634.png,"It went , perhaps , some distance beyond"
iam_line_000635.png,""" mind "" vanishes , at any rate for some time . It seems very difficult"
iam_line_000636.png,"with inch and a quarter galvanized nails , if"
iam_line_000637.png,Even the staid and timid Treasury is cheered by the
iam_line_000638.png,"the Leader of the Opposition , Sir de"
iam_line_000639.png,"work was growing pretty heavy , and we managed"
iam_line_000640.png,"of the Whigs , and the temporary assumption of"
iam_line_000641.png,"& that all may go well . Sir R. Peel was here , I"
iam_line_000642.png,all the many vicissitudes of a long ministry . Mr. and
iam_line_000643.png,failed to make an honest woman of her .
iam_line_000644.png,"to giving details of plans for improving the hospital service ,"
iam_line_000645.png,from the directions included in this book .
iam_line_000646.png,to Senator Robertson saying the Federal Bureau
iam_line_000647.png,Anglesey believed himself to be on the
iam_line_000648.png,the Government's failure to condemn
iam_line_000649.png,article .
iam_line_000650.png,year or two later as ' more like a God
iam_line_000651.png,to Chequers at the week-end for talks with
iam_line_000652.png,Lancaster House despite the crisis which had
iam_line_000653.png,in Government and State housing projects .
iam_line_000654.png,uninitiated ( including four plugs for Charles
iam_line_000655.png,"the director , Mr. Joshua Logan , attempted"
iam_line_000656.png,Anglesey's unceasing search for an effective
iam_line_000657.png,"for legal charges and stamp duties ,"
iam_line_000658.png,On hearing that I was to leave Tatsfield and come to
iam_line_000659.png,The performance of our talented
iam_line_000660.png,"The skeleton of the boat will now take shape ,"
iam_line_000661.png,associate of Mr. Fell .
iam_line_000662.png,woodfiller in the usual way and paint the frame in
iam_line_000663.png,but also the backing of the DIRECTOR GENERAL of the Meteoro-
iam_line_000664.png,A pleasant life truly ! ... It so happens that I have an Italian
iam_line_000665.png,"THE next White Paper on defence , to"
iam_line_000666.png,affluence it seemed it could not be carried on .
iam_line_000667.png,so he described his distinguished patient and his
iam_line_000668.png,and refuse proposals with which they did not
iam_line_000669.png,communists' former base 60 miles
iam_line_000670.png,"a cardboard role , didn't stand a chance . Now comes"
iam_line_000671.png,"since the scheme started , 125 ( 37.2 per cent ) have"
iam_line_000672.png,A MOVE to stop Mr. Gaitskell from
iam_line_000673.png,Naples . He told Cloncurry that he enjoyed it as
iam_line_000674.png,are made of the same compost as would have
iam_line_000675.png,"( range 950 miles ) , also provided by the Americans ."
iam_line_000676.png,strably better than the other ? The centigraders may
iam_line_000677.png,the shiny clasp twinkled invitingly at Cecil .
iam_line_000678.png,brought to his notice .
iam_line_000679.png,pattern of British Government connivance became
iam_line_000680.png,The transoms can be made of any sound five-ply
iam_line_000681.png,"Malden not knowing how to take it ,"
iam_line_000682.png,"Mr. Dinsdale Landen , in the longest and most"
iam_line_000683.png,It would become easy to become cynical and
iam_line_000684.png,"East German disturbances on July 17 , 1953 . And officials"
iam_line_000685.png,Welensky's opponents have carried their theories
iam_line_000686.png,integral part of the story .
iam_line_000687.png,"four years . During this period he wrote a book ,"
iam_line_000688.png,The flat was on the third floor ; two rooms ; soft Provenc*?
iam_line_000689.png,"effective , giving full value to the formal elements"
iam_line_000690.png,sisters had to quit as their home was falling down . And Mr. Crabb
iam_line_000691.png,British troops .
iam_line_000692.png,had the desired effect today at Kumasi where the
iam_line_000693.png,also shows the corresponding values of an index which
iam_line_000694.png,"level of employees ? 2 . If so , which occupational"
iam_line_000695.png,who spends a few days with an American girl
iam_line_000696.png,Hudson can take one more hill than the
iam_line_000697.png,individuals in the West . Some may ask : Is
iam_line_000698.png,At the same time that unity cannot be
iam_line_000699.png,"the film so vividly to life . In Fanny , which"
iam_line_000700.png,in the Congo ; Kuwait ; and South-East
iam_line_000701.png,the basis of the Soviet Navy . MR.
iam_line_000702.png,"of the House of Lords , but while it remains"
iam_line_000703.png,He smiled at his own joke .
iam_line_000704.png,in place of screws . We just bend them over and clamp
iam_line_000705.png,"slightly stunned . Afterwards they said : "" We thought"
iam_line_000706.png,in our minds about her if she remained a
iam_line_000707.png,the adoption of the twenty-four hour
iam_line_000708.png,"journey has been against me , as there has been"
iam_line_000709.png,"the answer . Disturbed by vague uneasiness , she"
iam_line_000710.png,"When the final miracle does occur , it is accepted as a"
iam_line_000711.png,"unilateralists was not possible , though"
iam_line_000712.png,"Again , don't forget to glue . Now put on the keel and"
iam_line_000713.png,than could be exercised were she cut off from it .
iam_line_000714.png,The Government's pompous little statement
iam_line_000715.png,"One called La Patriote is Communist , and at the time"
iam_line_000716.png,First of all simple part-songs : I found only one member who had
iam_line_000717.png,this behaviour . This is no more queer than the method
iam_line_000718.png,Americans say Germany is having it too
iam_line_000719.png,"circles , but in public opinion . "" Earl Russell"
iam_line_000720.png,While he was in Naples there had opened a new chapter in
iam_line_000721.png,' But I 'm NOT irritable ! ' He rushed down
iam_line_000722.png,' What a frightful event ! ' he wrote . ' I tremble ! What
iam_line_000723.png,from dusty hair on the dusty shoulders of his black
iam_line_000724.png,betrayal like that of the '30s . Shipbuilding
iam_line_000725.png,the stop-watch manufacturing methods that
iam_line_000726.png,"temperature of the debate , which never"
iam_line_000727.png,National Assistance grants .
iam_line_000728.png,"In no other conquered country , not even"
iam_line_000729.png,"lively people , and what a busy town . At Rome , every"
iam_line_000730.png,temperature is high & I have not yet
iam_line_000731.png,differing in certain important ways from the ordinary cost of
iam_line_000732.png,It is not an easy concept and if I try to make it
iam_line_000733.png,These support costs are a big drain on
iam_line_000734.png,full inquiry into the cost of drugs and the pharmaceutical
iam_line_000735.png,"ones ) , is becoming quite an accomplished actress ."
iam_line_000736.png,fulfilment of a common policy for wages
iam_line_000737.png,offer of 357million . President Kennedy's
iam_line_000738.png,strong maternal instinct to the unborn child
iam_line_000739.png,resolute Premier of the Rhodesian Federation
iam_line_000740.png,"Thus , musician David Lisbon's chances of being a starred"
iam_line_000741.png,"three hours , 20 minutes of discussion is believed"
iam_line_000742.png,Royce a type of transport . She 's the
iam_line_000743.png,carrot was dangled before his nose .
iam_line_000744.png,concept which is current today . It is known as the schema .
iam_line_000745.png,special schools were set up to teach lace-
iam_line_000746.png,pastime . Why ? Because those who
iam_line_000747.png,action by the author in spite of the
iam_line_000748.png,the theoretical Luddite hammer again .
iam_line_000749.png,but fear that the exasperation of the People will be so great
iam_line_000750.png,"politician , able to talk about sewage problems"
iam_line_000751.png,"Answering the attack on "" economic charges """
iam_line_000752.png,"even-tempered and sedate , not easily irritated , patient"
iam_line_000753.png,Mr Krushchev gives evidence of a change
iam_line_000754.png,the backbone of the German Air
iam_line_000755.png,nuclear weapons in Britain . Britain then
iam_line_000756.png,"bingo-parlour . """
iam_line_000757.png,made first rate works in the last 25 years
iam_line_000758.png,"in the 1960s , no cure has been found for"
iam_line_000759.png,even when its demonstrated to them . '
iam_line_000760.png,lines of difference with the Tories . Many members
iam_line_000761.png,this is not primarily an effort on Britain's part to
iam_line_000762.png,go unequivocally on record that they regard
iam_line_000763.png,of Nato . The Pentagon has made it perfectly
iam_line_000764.png,the bones Doris Langley Moore has brought
iam_line_000765.png,"exactly down to the taper line ,"
iam_line_000766.png,is hanging open . You 'll have someone shoving their hot
iam_line_000767.png,"to give the system a trial , adding that it was being"
iam_line_000768.png,"of individual instrumental timbres and "" personal """
iam_line_000769.png,tool cupboard shown here has been specially
iam_line_000770.png,Mr. Bryan Stonehouse's production is quietly
iam_line_000771.png,"Arguably , the dramatist has committed a"
iam_line_000772.png,"resort hotel , includes an address on ' The Woman's Point"
iam_line_000773.png,left its central character and the world
iam_line_000774.png,Britain for being an obstacle for West Germany's
iam_line_000775.png,"Mr. Joshua Logan , attempted but failed to"
iam_line_000776.png,and measures approximately 8 ft. by 4 ft. She
iam_line_000777.png,committee representative of bodies particularly concerned with
iam_line_000778.png,""" The whole naval might of the Soviet"
iam_line_000779.png,distinguished patient and his symptoms . He told Hahnemann that he
iam_line_000780.png,can be considered by the full Senate .
iam_line_000781.png,' ... now this sapphire ...
iam_line_000782.png,large majority of Labour M Ps are likely to
iam_line_000783.png,"sordid , and when she experiences it for the"
iam_line_000784.png,an increasing number of disciples among unorthodox
iam_line_000785.png,"first time herself it is incoherently , clumsily ,"
iam_line_000786.png,medical men in the cities of Europe . One of these
iam_line_000787.png,shyly and half inquisitively . As is the case in
iam_line_000788.png,that he proved to be to the Jews fleeing from
iam_line_000789.png,"of Staff , a process that may take four"
iam_line_000790.png,the turtle-doves drummed up the
iam_line_000791.png,Naples . He told Cloncurry that he enjoyed it as
iam_line_000792.png,He said these concerned Mr. Weaver's alleged
iam_line_000793.png,completely . Manufacturing the block and planting
iam_line_000794.png,assumption of the government by the Duke of
iam_line_000795.png,What would THEY have thought of
iam_line_000796.png,Rhodesia have agreed to get together to face the
iam_line_000797.png,the apartheid policy .
iam_line_000798.png,sparked off the opposition by telling a
iam_line_000799.png,"in my Kilner jars , I poured living mantis"
